{
  "dashboard": {
    "title": "StyleQR SaaS Performance Dashboard",
    "tags": ["styleqr", "performance", "api"],
    "timezone": "browser",
    "panels": [
      {
        "id": 1,
        "title": "API Request Rate",
        "type": "graph",
        "targets": [
          {
            "expr": "rate(http_requests_total[5m])",
            "legendFormat": "{{method}} {{endpoint}}"
          }
        ],
        "yaxes": [
          {
            "format": "reqps",
            "label": "Requests/sec"
          }
        ]
      },
      {
        "id": 2,
        "title": "API Latency (P50, P95, P99)",
        "type": "graph",
        "targets": [
          {
            "expr": "histogram_quantile(0.50, rate(http_request_duration_seconds_bucket[5m]))",
            "legendFormat": "P50"
          },
          {
            "expr": "histogram_quantile(0.95, rate(http_request_duration_seconds_bucket[5m]))",
            "legendFormat": "P95"
          },
          {
            "expr": "histogram_quantile(0.99, rate(http_request_duration_seconds_bucket[5m]))",
            "legendFormat": "P99"
          }
        ],
        "yaxes": [
          {
            "format": "ms",
            "label": "Latency (ms)"
          }
        ]
      },
      {
        "id": 3,
        "title": "Error Rate",
        "type": "graph",
        "targets": [
          {
            "expr": "rate(http_requests_total{status=~\"5..\"}[5m]) / rate(http_requests_total[5m])",
            "legendFormat": "Error Rate"
          }
        ],
        "yaxes": [
          {
            "format": "percentunit",
            "label": "Error Rate"
          }
        ]
      },
      {
        "id": 4,
        "title": "Database Query Latency",
        "type": "graph",
        "targets": [
          {
            "expr": "histogram_quantile(0.95, rate(prisma_query_duration_seconds_bucket[5m]))",
            "legendFormat": "P95 Query Latency"
          }
        ],
        "yaxes": [
          {
            "format": "ms",
            "label": "Query Latency (ms)"
          }
        ]
      },
      {
        "id": 5,
        "title": "Database Connections",
        "type": "graph",
        "targets": [
          {
            "expr": "prisma_connection_pool_active",
            "legendFormat": "Active Connections"
          },
          {
            "expr": "prisma_connection_pool_idle",
            "legendFormat": "Idle Connections"
          }
        ],
        "yaxes": [
          {
            "format": "short",
            "label": "Connections"
          }
        ]
      },
      {
        "id": 6,
        "title": "CPU Usage",
        "type": "graph",
        "targets": [
          {
            "expr": "rate(process_cpu_user_seconds_total[5m]) * 100",
            "legendFormat": "CPU Usage %"
          }
        ],
        "yaxes": [
          {
            "format": "percent",
            "label": "CPU %"
          }
        ]
      },
      {
        "id": 7,
        "title": "Memory Usage",
        "type": "graph",
        "targets": [
          {
            "expr": "process_resident_memory_bytes / 1024 / 1024",
            "legendFormat": "Memory (MB)"
          }
        ],
        "yaxes": [
          {
            "format": "mbytes",
            "label": "Memory (MB)"
          }
        ]
      },
      {
        "id": 8,
        "title": "Order Creation Rate",
        "type": "graph",
        "targets": [
          {
            "expr": "rate(orders_created_total[5m])",
            "legendFormat": "Orders/sec"
          }
        ],
        "yaxes": [
          {
            "format": "ops",
            "label": "Orders/sec"
          }
        ]
      }
    ],
    "refresh": "30s",
    "schemaVersion": 27,
    "version": 1
  }
}

